ecco5.html,1,11,14,22,25,26,29,35,38,57,107,114,121
ecco9.html,1,9,14,23,24,31,33,34,35,45,49,54,60,66,85,108,122,132
ecco3.html,1,13,23,26,27,30,33,35,40,57,86,112,115,130,138
ecco7.html,11,20,21,97,110
ecco1.html,1,14,21,24,25,28,33,36,53,80,104,111,118,126
ecco6.html,1,13,22,25,26,29,35,38,56,85,109,116,124,132
ecco8.html,1,11,18,26,27,31,32,39,40,41,42,44,54,58,62,68,76,93,117,131,140
eebo1.html,2163,2164,2165,2166,2167,2168,2169,2170,2171,2172,2173,2174,2176,2177,2178,2179,2180,2182,2183,2184,2185,2186,2187,2189,2190,2191,2192,2193,2194,2195,2196,2197,2198,2199,2200,2201,2204,2205,2206,2208,2209,2210,2211,2212,2213,2214,2216,2217,2218,2220,2222,2223,2224,2225,2226,2227,2229,2230,2233,2235,2236,2238,2241,2244,2246,2247,2250,2252,2264,2274,2291
ecco2.html,4,17,25,28,29,37,52,79,103,110,117
ecco4.html,1,2,14,22,25,26,29,34,37,54,83,107,114,121,129
